Chain,ResName,ResID,Atom,SASA
A,GLY,1,N,27.515
A,GLY,1,CA,13.478
A,GLY,1,C,0.023
A,GLY,1,O,0.000
A,ILE,2,N,0.303
A,ILE,2,CA,0.000
A,ILE,2,C,0.000
A,ILE,2,O,0.000
A,ILE,2,CB,0.000
A,ILE,2,CG1,0.000
A,ILE,2,CG2,0.000
A,ILE,2,CD1,0.000
A,VAL,3,N,0.222
A,VAL,3,CA,0.000
A,VAL,3,C,0.000
A,VAL,3,O,0.000
A,VAL,3,CB,0.219
A,VAL,3,CG1,26.527
A,VAL,3,CG2,9.542
A,GLU,4,N,0.000
A,GLU,4,CA,0.052
A,GLU,4,C,0.000
A,GLU,4,O,5.036
A,GLU,4,CB,9.536
A,GLU,4,CG,34.615
A,GLU,4,CD,6.850
A,GLU,4,OE1,2.690
A,GLU,4,OE2,28.297
A,GLN,5,N,0.000
A,GLN,5,CA,0.000
A,GLN,5,C,0.000
A,GLN,5,O,0.468
A,GLN,5,CB,0.086
A,GLN,5,CG,10.335
A,GLN,5,CD,5.163
A,GLN,5,OE1,20.554
A,GLN,5,NE2,37.332
A,CYS,6,N,0.000
A,CYS,6,CA,0.000
A,CYS,6,C,0.000
A,CYS,6,O,0.000
A,CYS,6,CB,0.000
A,CYS,6,SG,0.044
A,CYS,7,N,0.000
A,CYS,7,CA,0.000
A,CYS,7,C,0.000
A,CYS,7,O,4.562
A,CYS,7,CB,0.000
A,CYS,7,SG,24.213
A,THR,8,N,0.000
A,THR,8,CA,6.866
A,THR,8,C,0.311
A,THR,8,O,17.817
A,THR,8,CB,2.951
A,THR,8,OG1,8.589
A,THR,8,CG2,64.995
A,SER,9,N,0.000
A,SER,9,CA,2.215
A,SER,9,C,0.000
A,SER,9,O,0.000
A,SER,9,CB,39.523
A,SER,9,OG,4.633
A,ILE,10,N,2.912
A,ILE,10,CA,0.000
A,ILE,10,C,0.000
A,ILE,10,O,12.101
A,ILE,10,CB,9.486
A,ILE,10,CG1,5.883
A,ILE,10,CG2,12.374
A,ILE,10,CD1,59.992
A,CYS,11,N,0.000
A,CYS,11,CA,0.000
A,CYS,11,C,0.000
A,CYS,11,O,2.899
A,CYS,11,CB,0.000
A,CYS,11,SG,0.000
A,SER,12,N,0.000
A,SER,12,CA,0.000
A,SER,12,C,0.000
A,SER,12,O,0.000
A,SER,12,CB,28.103
A,SER,12,OG,2.101
A,LEU,13,N,1.857
A,LEU,13,CA,0.000
A,LEU,13,C,0.000
A,LEU,13,O,0.000
A,LEU,13,CB,11.632
A,LEU,13,CG,2.135
A,LEU,13,CD1,8.396
A,LEU,13,CD2,62.606
A,TYR,14,N,2.814
A,TYR,14,CA,7.129
A,TYR,14,C,0.000
A,TYR,14,O,2.523
A,TYR,14,CB,19.103
A,TYR,14,CG,2.763
A,TYR,14,CD1,28.239
A,TYR,14,CD2,6.753
A,TYR,14,CE1,34.423
A,TYR,14,CE2,17.961
A,TYR,14,CZ,10.285
A,TYR,14,OH,43.276
A,GLN,15,N,0.000
A,GLN,15,CA,0.000
A,GLN,15,C,0.000
A,GLN,15,O,0.000
A,GLN,15,CB,0.283
A,GLN,15,CG,8.883
A,GLN,15,CD,5.310
A,GLN,15,OE1,13.762
A,GLN,15,NE2,22.168
A,LEU,16,N,0.000
A,LEU,16,CA,0.000
A,LEU,16,C,0.000
A,LEU,16,O,0.000
A,LEU,16,CB,0.000
A,LEU,16,CG,0.000
A,LEU,16,CD1,0.000
A,LEU,16,CD2,0.000
A,GLU,17,N,0.000
A,GLU,17,CA,0.000
A,GLU,17,C,1.622
A,GLU,17,O,10.471
A,GLU,17,CB,9.813
A,GLU,17,CG,0.000
A,GLU,17,CD,1.652
A,GLU,17,OE1,33.731
A,GLU,17,OE2,17.901
A,ASN,18,N,0.060
A,ASN,18,CA,6.009
A,ASN,18,C,0.544
A,ASN,18,O,16.477
A,ASN,18,CB,9.340
A,ASN,18,CG,5.469
A,ASN,18,OD1,27.924
A,ASN,18,ND2,25.994
A,TYR,19,N,0.000
A,TYR,19,CA,0.000
A,TYR,19,C,0.000
A,TYR,19,O,0.000
A,TYR,19,CB,0.000
A,TYR,19,CG,0.000
A,TYR,19,CD1,0.000
A,TYR,19,CD2,0.000
A,TYR,19,CE1,3.365
A,TYR,19,CE2,13.661
A,TYR,19,CZ,3.323
A,TYR,19,OH,16.525
A,CYS,20,N,0.000
A,CYS,20,CA,0.000
A,CYS,20,C,0.000
A,CYS,20,O,13.694
A,CYS,20,CB,1.479
A,CYS,20,SG,0.000
A,ASN,21,N,0.000
A,ASN,21,CA,4.340
A,ASN,21,C,6.433
A,ASN,21,O,8.719
A,ASN,21,CB,17.219
A,ASN,21,CG,5.122
A,ASN,21,OD1,17.354
A,ASN,21,ND2,22.418
A,ASN,21,OXT,39.113
B,PHE,1,N,33.918
B,PHE,1,CA,10.168
B,PHE,1,C,0.139
B,PHE,1,O,0.907
B,PHE,1,CB,31.017
B,PHE,1,CG,0.783
B,PHE,1,CD1,4.092
B,PHE,1,CD2,18.524
B,PHE,1,CE1,0.000
B,PHE,1,CE2,32.719
B,PHE,1,CZ,8.167
B,VAL,2,N,0.000
B,VAL,2,CA,0.000
B,VAL,2,C,0.000
B,VAL,2,O,0.000
B,VAL,2,CB,0.000
B,VAL,2,CG1,0.789
B,VAL,2,CG2,13.589
B,ASN,3,N,1.245
B,ASN,3,CA,0.017
B,ASN,3,C,0.903
B,ASN,3,O,21.097
B,ASN,3,CB,27.506
B,ASN,3,CG,5.602
B,ASN,3,OD1,27.420
B,ASN,3,ND2,23.356
B,GLN,4,N,0.000
B,GLN,4,CA,2.063
B,GLN,4,C,0.000
B,GLN,4,O,0.000
B,GLN,4,CB,19.120
B,GLN,4,CG,0.016
B,GLN,4,CD,3.527
B,GLN,4,OE1,34.042
B,GLN,4,NE2,28.686
B,HIS,5,N,1.215
B,HIS,5,CA,0.000
B,HIS,5,C,0.009
B,HIS,5,O,12.213
B,HIS,5,CB,18.801
B,HIS,5,CG,2.603
B,HIS,5,ND1,3.364
B,HIS,5,CD2,24.597
B,HIS,5,CE1,18.196
B,HIS,5,NE2,19.444
B,LEU,6,N,0.000
B,LEU,6,CA,0.000
B,LEU,6,C,0.000
B,LEU,6,O,0.000
B,LEU,6,CB,0.000
B,LEU,6,CG,0.000
B,LEU,6,CD1,0.000
B,LEU,6,CD2,9.851
B,CYS,7,N,1.270
B,CYS,7,CA,0.274
B,CYS,7,C,0.756
B,CYS,7,O,4.486
B,CYS,7,CB,26.744
B,CYS,7,SG,22.219
B,GLY,8,N,7.306
B,GLY,8,CA,31.778
B,GLY,8,C,1.722
B,GLY,8,O,0.000
B,SER,9,N,8.997
B,SER,9,CA,5.030
B,SER,9,C,0.855
B,SER,9,O,2.512
B,SER,9,CB,48.319
B,SER,9,OG,19.494
B,HIS,10,N,0.000
B,HIS,10,CA,1.533
B,HIS,10,C,0.000
B,HIS,10,O,1.851
B,HIS,10,CB,2.829
B,HIS,10,CG,2.426
B,HIS,10,ND1,20.156
B,HIS,10,CD2,12.420
B,HIS,10,CE1,45.868
B,HIS,10,NE2,30.957
B,LEU,11,N,0.000
B,LEU,11,CA,0.000
B,LEU,11,C,0.000
B,LEU,11,O,0.000
B,LEU,11,CB,0.000
B,LEU,11,CG,0.000
B,LEU,11,CD1,0.000
B,LEU,11,CD2,0.634
B,VAL,12,N,0.000
B,VAL,12,CA,0.000
B,VAL,12,C,0.000
B,VAL,12,O,0.000
B,VAL,12,CB,0.673
B,VAL,12,CG1,38.036
B,VAL,12,CG2,12.929
B,GLU,13,N,0.249
B,GLU,13,CA,4.789
B,GLU,13,C,0.000
B,GLU,13,O,0.000
B,GLU,13,CB,6.821
B,GLU,13,CG,7.524
B,GLU,13,CD,9.473
B,GLU,13,OE1,38.816
B,GLU,13,OE2,37.671
B,ALA,14,N,0.000
B,ALA,14,CA,0.504
B,ALA,14,C,0.000
B,ALA,14,O,0.000
B,ALA,14,CB,1.743
B,LEU,15,N,0.000
B,LEU,15,CA,0.000
B,LEU,15,C,0.000
B,LEU,15,O,0.000
B,LEU,15,CB,0.000
B,LEU,15,CG,0.000
B,LEU,15,CD1,0.000
B,LEU,15,CD2,0.000
B,TYR,16,N,0.000
B,TYR,16,CA,0.657
B,TYR,16,C,0.000
B,TYR,16,O,1.834
B,TYR,16,CB,5.458
B,TYR,16,CG,2.031
B,TYR,16,CD1,16.602
B,TYR,16,CD2,8.976
B,TYR,16,CE1,31.287
B,TYR,16,CE2,22.974
B,TYR,16,CZ,9.787
B,TYR,16,OH,43.202
B,LEU,17,N,0.000
B,LEU,17,CA,2.423
B,LEU,17,C,0.079
B,LEU,17,O,22.902
B,LEU,17,CB,2.629
B,LEU,17,CG,0.109
B,LEU,17,CD1,24.951
B,LEU,17,CD2,44.298
B,VAL,18,N,0.000
B,VAL,18,CA,5.501
B,VAL,18,C,0.000
B,VAL,18,O,12.445
B,VAL,18,CB,0.000
B,VAL,18,CG1,1.261
B,VAL,18,CG2,2.894
B,CYS,19,N,0.000
B,CYS,19,CA,0.000
B,CYS,19,C,0.713
B,CYS,19,O,1.509
B,CYS,19,CB,0.227
B,CYS,19,SG,0.000
B,GLY,20,N,0.013
B,GLY,20,CA,31.155
B,GLY,20,C,4.207
B,GLY,20,O,9.441
B,GLU,21,N,7.526
B,GLU,21,CA,11.219
B,GLU,21,C,0.584
B,GLU,21,O,26.533
B,GLU,21,CB,25.271
B,GLU,21,CG,22.538
B,GLU,21,CD,15.791
B,GLU,21,OE1,41.817
B,GLU,21,OE2,35.422
B,ARG,22,N,0.095
B,ARG,22,CA,8.076
B,ARG,22,C,0.000
B,ARG,22,O,10.789
B,ARG,22,CB,0.000
B,ARG,22,CG,26.106
B,ARG,22,CD,17.889
B,ARG,22,NE,7.097
B,ARG,22,CZ,4.465
B,ARG,22,NH1,18.229
B,ARG,22,NH2,26.312
B,GLY,23,N,0.000
B,GLY,23,CA,25.606
B,GLY,23,C,0.000
B,GLY,23,O,0.000
B,PHE,24,N,2.702
B,PHE,24,CA,0.000
B,PHE,24,C,0.000
B,PHE,24,O,20.782
B,PHE,24,CB,0.000
B,PHE,24,CG,0.000
B,PHE,24,CD1,2.083
B,PHE,24,CD2,0.005
B,PHE,24,CE1,11.349
B,PHE,24,CE2,8.291
B,PHE,24,CZ,13.369
B,PHE,25,N,0.000
B,PHE,25,CA,4.117
B,PHE,25,C,0.000
B,PHE,25,O,0.000
B,PHE,25,CB,23.475
B,PHE,25,CG,2.009
B,PHE,25,CD1,4.479
B,PHE,25,CD2,5.005
B,PHE,25,CE1,13.802
B,PHE,25,CE2,17.456
B,PHE,25,CZ,19.287
B,TYR,26,N,6.126
B,TYR,26,CA,0.000
B,TYR,26,C,0.000
B,TYR,26,O,16.951
B,TYR,26,CB,9.018
B,TYR,26,CG,0.000
B,TYR,26,CD1,14.183
B,TYR,26,CD2,0.000
B,TYR,26,CE1,16.598
B,TYR,26,CE2,0.000
B,TYR,26,CZ,0.152
B,TYR,26,OH,11.596
B,THR,27,N,0.000
B,THR,27,CA,2.402
B,THR,27,C,0.000
B,THR,27,O,0.112
B,THR,27,CB,2.589
B,THR,27,OG1,5.526
B,THR,27,CG2,36.139
B,PRO,28,N,0.000
B,PRO,28,CA,0.000
B,PRO,28,C,0.161
B,PRO,28,O,6.710
B,PRO,28,CB,10.207
B,PRO,28,CG,17.624
B,PRO,28,CD,17.357
B,LYS,29,N,0.148
B,LYS,29,CA,1.344
B,LYS,29,C,1.426
B,LYS,29,O,28.688
B,LYS,29,CB,24.746
B,LYS,29,CG,34.293
B,LYS,29,CD,34.975
B,LYS,29,CE,17.425
B,LYS,29,NZ,43.380
B,ALA,30,N,2.496
B,ALA,30,CA,12.169
B,ALA,30,C,4.131
B,ALA,30,O,30.024
B,ALA,30,CB,47.175
B,ALA,30,OXT,0.912